start,intensity
2026-10-09T00:00,212
2026-10-09T01:00,198
2026-10-09T02:00,185
2026-10-09T03:00,176
2026-10-09T04:00,171
2026-10-09T05:00,174
2026-10-09T06:00,190
2026-10-09T07:00,236
2026-10-09T08:00,268
2026-10-09T09:00,241
2026-10-09T10:00,196
2026-10-09T11:00,158
2026-10-09T12:00,131
2026-10-09T13:00,118
2026-10-09T14:00,122
2026-10-09T15:00,149
2026-10-09T16:00,203
2026-10-09T17:00,271
2026-10-09T18:00,305
2026-10-09T19:00,289
2026-10-09T20:00,262
2026-10-09T21:00,241
2026-10-09T22:00,228
2026-10-09T23:00,219
